,x,y,z
0,1.1889389993516033,0.5862640845514326,-0.716499643999451
1,-1.7317138767301887,-1.6691955594536465,0.11451871224434472
2,-0.009950869030612852,-1.7192602526444214,-0.15841950366035334
3,1.0881333335087284,2.037406661519999,0.8437474116645826
4,-0.6053802271494549,0.2321647090780178,1.4822067346294054
5,0.6774067835510823,0.1333138681203441,0.037212502705542654
6,-1.3278061605156166,1.484456518803783,-0.6735966324829109
7,-2.785504283047865,0.019445514646421354,-3.395929481555679
8,-0.347559396584538,0.11250362122018408,0.07835641670821192
9,-3.8456616817359186,1.0581091522600923,1.1883235882632364
10,-0.19522456810111583,-1.9028621276347772,1.6232546952952358
11,1.3628847819661518,-1.3169692385425398,0.2965565896475787
12,1.3562092396181153,0.10748538267413947,0.49890839668473536
13,0.7346012133343698,1.2235490594640448,1.1274345688451266
14,-0.8900392932891423,-1.306044840705756,-0.009887339989777581
15,-0.3838987998620763,-1.0615161452158177,-0.9404572339605264
16,0.9586284418180508,1.041002966457032,0.9601093224871035
17,-0.44646989058464903,-1.5147618341804894,-0.7294693853525739
18,-0.06279898619893207,0.026695941236202024,-0.9377722930577392
19,-0.634085775119632,0.32467113141059384,-0.06899899697623121
20,0.42530776613856874,-1.328982747570005,-1.3308503991170093
21,-1.9734506065844681,0.09971831977097076,0.34766941558918824
22,-2.6450990787158295,-0.4334518701737725,0.1024151288771678
23,-2.123125974086846,0.12147982277991522,1.0088085530421884
24,-3.696379094188299,1.7028463777439138,0.961647588734937
25,-0.44444002835502683,1.7084831721642688,-1.2804815111369998
26,-0.028533545680001313,0.19440115446052242,1.4086191862914437
27,0.27616346656893015,-1.2009694673401137,-0.7890287725789686
28,-0.22226291477214358,0.46462159277744475,0.9126320083115325
29,-0.09468810107631856,-1.5713087630969025,-0.7067639302614522
30,-1.8326944277883925,-0.02894632655179385,1.1757506921898593
31,0.4723002770951946,0.1490994832035473,-2.6114147892346504
32,-2.6782938687917803,-1.232565265107078,-0.08525404784140425
33,-0.7382417187221213,1.3009935413193106,-0.01435267621592436
34,-0.44336368287199296,-1.3200872399575592,-1.2077853731869643
35,-1.7395815559641623,-0.1669283186323063,-0.6054200884101788
36,0.9395879020297446,1.2329966044429566,1.0410473464437264
37,-0.01885434840395705,0.5841070095183936,-1.6404076983605267
38,-0.035995055616426956,1.9308068168860177,1.1931924620115502
39,-2.660030023461659,-0.5564139950981865,-2.063335659177802
40,-0.6956111345206863,0.17481098248308613,-0.1740701860272318
41,-4.937149305229584,1.134104379747977,1.2429663751220112
42,-0.6682421942934187,1.0677064110664107,1.0777131230066053
43,0.4938454739883375,-0.24117199870669037,-0.7050464314921636
44,-3.341114536353459,0.5847788454994373,-0.5718782360363689
45,2.5595954231000406,-0.4766820240731403,1.2717080051665346
46,-4.655959679176114,-0.6107879301575121,-0.38187422667378634
47,-2.8887326874491093,0.38518467142382384,0.5461522798262286
48,-3.5837832728815653,-0.47583639981712367,-0.006945542751706525
49,-4.254494465059688,-0.8657022189470156,-2.1410499430825682
50,0.8209024237557069,-0.11056059395030866,-1.2450541220684734
51,-3.282596233766879,0.10470266195384968,1.0864984150569343
52,-4.079054739215507,1.6183812261268873,-0.33824525705114367
53,2.9611612981433124,-0.22363188958318275,-1.1628181689542678
54,-3.024293656817371,-0.21483423355694822,0.37261272358942676
55,-0.14949460793142252,1.766024713939215,0.4345370664364644
56,-3.766474120994263,-0.5599992585597353,2.506066204069122
57,0.3297796055955404,-0.793087954916536,-0.440905727636435
58,-2.9428129216481973,1.0629702163629722,1.2784741300780087
59,-0.9690152903104639,0.008010759143175438,0.6338426873051682
60,-1.0744495442259119,1.7979940802697483,0.48486451275241976
61,-0.9906175135144072,0.3737207614640641,-2.179462615948796
62,-4.395977247757551,-0.21895050617470987,0.371722735897211
63,-4.073685385334746,1.5412422076994248,0.6929772468352766
64,-0.95797773324522,-0.9260816551024784,0.5794461679810416
65,-5.344901660665645,0.7772865916899534,1.7517739514244692
66,-2.741012226086522,-0.6823125097003738,0.7655897991994968
67,-3.633124940050866,-0.9548959158957018,-2.514136728934608
68,-1.137962864733766,-0.37857774040293896,1.330625154269802
69,0.23034179052329878,-0.8542337216166092,-0.8811602197557015
70,-0.443831401669847,-2.181499989487486,0.9224831143870099
71,0.41990771252269277,0.63837030139999,1.8199177474112063
72,0.3008692792656652,1.088493621424081,0.02878428579328442
73,-0.04558409719444155,-1.0529775489852473,-2.031241805454938
74,-1.7028096827150294,0.08443587312817118,1.2561137085324054
75,0.4207305043330904,-0.2103118133116016,-0.4572491408429308
76,-1.152436977848062,-0.7410224681783556,-0.5480729196619925
77,-2.3662479298968058,-1.8983133313114846,-1.9272544424232216
78,-2.038837977914236,-1.0552054813468215,-0.32131510977105965
79,-3.6129558290111192,-0.6676156001513521,-0.5872601160780531
80,1.6489451115693967,-1.0964375969741078,-0.21341249039065757
81,0.9589499543765239,-1.7467818394637933,-1.867987735511344
82,1.4878778944474573,2.8603229181691034,-1.9972460214956502
83,-4.085259514065451,-0.02339886689840731,-1.2194796909079182
84,-5.020703786762883,1.8540138072998025,0.29229305548948503
85,1.5633460074532946,0.3468354701700068,-0.30404450632888463
86,2.2002393255616184,1.5296718392852462,1.0263001127183022
87,-2.890037585127468,0.293908547337003,1.0918219502824833
88,-1.087112862999034,-1.6412980051618282,-0.24142727777968848
89,0.36052863149815395,-0.484205859765523,1.084595055489966
90,1.864118815560269,0.6015438766228082,0.5669496293446173
91,0.9098588777010954,1.1336189827307808,0.6085601864169624
92,-1.7179465124529483,-0.694937972453007,-2.0628970232477353
93,0.197753385126875,-0.9766041029920464,0.131284297923114
94,-1.9359133642807762,0.5762026156992623,-0.9643484263794332
95,0.09408819433490465,1.044620894348853,-1.331355586577611
96,1.730018534464996,0.9688145062456907,1.6999140967584154
97,1.9580707431694826,-1.3444206907633016,0.9248549847504867
98,0.0817727681887071,0.7855329148209362,-0.4253962427409242
99,0.7167449806251913,-0.4980947677638046,-0.6870188191718987
100,-3.3302448532983506,-0.5187927332543475,1.0105911735767594
101,-0.450179832857196,0.8522631220347077,0.5903469477719642
102,1.9400250766143146,-0.9556784017478467,0.20981730694210304
103,0.9903982177467917,0.16943247109169,-0.014633854260236173
104,-0.9418933440771454,0.12670584694564635,-0.6450815807107415
105,1.17502245759703,-1.7258392298237422,-1.0257569692246802
106,-0.897753893920758,-0.9164493650141136,-0.5124190261907992
107,1.5700635087969395,2.5065503411690093,-0.17711277913310308
108,-2.14378796583964,0.8260462373457486,-0.910053523250761
109,-0.8538903630926269,0.40575640426590104,-1.1711664149539796
110,0.27703186431749016,-1.2768804729458796,0.9151684846622047
111,1.361470099366339,0.6530450301936336,-0.14926382346690892
112,0.8015057485147724,-0.44647684343291244,-0.17574415764153484
113,2.7325434436481006,1.106989997524453,1.0086336472281268
114,0.9563726253522463,-0.38616584338439003,-1.788325522298842
115,1.6258924338411722,-0.1736725887237171,-0.7557370573924603
116,1.5700361693701772,0.10553435983946965,0.7284080130247619
117,0.007603775051237802,-0.7839279606731412,-0.2395258699882838
118,-0.11186279879122946,2.190096986931016,0.19029300816903133
119,1.9979925489225634,1.2105491658719427,0.22044518541528438
120,1.599240882543514,-0.7279047166099385,1.0904528796573687
121,0.38503497476869714,1.220668890730407,0.613388099996169
122,1.9077252177122719,-0.697613490421448,-1.992839136394092
123,-0.15295260684127648,-0.9708353330015996,-1.4085696886335852
124,-0.27565157075319213,-1.6729801854458681,0.28173445189253565
125,2.3041834015832316,1.5972565579657942,0.20330731902683158
126,0.7152318503982091,-0.849944951470291,-0.9837361899065642
127,-3.270433233477984,-0.6938165336988658,1.1732238203059773
128,-4.42194610845942,-0.4020344181548153,1.2857570318565763
129,0.8118089825537813,-2.030569910728711,1.085327130714902
130,1.0124335110398168,-0.21045567422529757,0.9845281813939185
131,1.6086733993196072,-1.0077067829764041,-0.712974675248703
132,3.296896380109876,0.21052200922867634,-1.1404925163282715
133,0.1833061483680266,-0.8496079439740283,1.1616312540870788
134,-2.250611559030792,0.406911773457316,2.55080339880673
135,-3.949097387810032,0.6805717401011268,0.7232147264856071
136,1.4718163160873812,0.7668065559301753,0.48441991979948645
137,-1.1409717714808525,-1.8766932823901745,1.1605795792046816
138,0.3845507342174106,-0.11368569658510108,-0.2370486763923712
139,0.7555425331454079,0.6708118243228997,-0.0625464905697578
140,0.6306741442419606,-1.0662423912110157,-2.306265024195185
141,-0.8000523283936904,-0.04052623764425809,-0.4194082486252706
142,0.5100854350272639,-0.33234705532585407,-0.20068559306554942
143,-0.30116948666431126,-1.1453314572341715,1.394183824525649
144,-1.0293649573691308,-1.2457328758815238,-2.7136875436800625
145,0.6870855712783923,-0.07236762006095698,-0.8100358575090211
146,1.8958200737501798,0.8193767909220543,-1.041821845230204
147,-0.9404616446249785,1.337524778117905,0.8876289823256731
148,1.1855388804399867,0.5780343853732438,-0.9359105256334257
149,1.3646059767234668,-0.16649113071093624,0.9750973873175343
150,2.214026258237831,0.8824025767274349,0.06239042331585867
151,-2.841219735643387,1.3601944821936427,-0.6321210093659694
152,-1.9342540229730014,0.1019223369742047,-0.2054468793490534
153,1.3234285990900356,-2.04764011240919,0.6565756271080138
154,-2.041076719461083,-1.1183837888022115,0.05267984190287264
155,-0.8687297988302756,-1.104604468441741,-0.031402235547493766
156,0.22270013154850138,0.8472273137100903,0.9096561002189647
157,1.008058275311884,0.3370275329666713,-0.7397189575770443
158,1.1364040923099334,1.3727905932930113,-0.04551161895391466
159,0.25019139427247067,0.5414143464606668,-0.46568659262114526
160,1.2210809887743155,-0.3245926721210422,-0.43248731094113635
161,0.8882556309595976,0.0967002496757466,-0.6305965824909976
162,-0.9508546413486352,0.06995868967222614,0.3753054359517368
163,0.8559930352234604,-1.3653664368212495,-0.7937020073040391
164,0.16601627812634773,-0.3280212235182354,1.0503808995291952
165,0.6131584975648694,0.18964179872073902,-0.6513593146126486
166,-1.3923617675662965,0.7721794368246491,-1.4136361934370827
167,-0.2158518741980258,-1.1121879584631298,-0.49137666245387185
168,-0.20584451975076054,-0.08325108587440862,0.12397100574258985
169,0.6865534636016404,0.3286199029588098,0.4347945988827682
170,0.3856681075108649,0.40673783867608276,0.859937136371937
171,-0.564126571559736,-1.646269352032481,0.3254620932345806
172,-0.027801926759457012,1.4593176529222494,1.198708158627452
173,0.9045466117392786,-0.20915856649219147,0.06930229854778334
174,-0.9129236033538107,-0.4715955957409861,-0.8428275171739058
175,-1.526889355981039,-1.7061768295893356,-0.32291572966279747
176,-0.07291554486637576,0.44640635240260507,1.7128263532000179
177,0.7539180496915378,2.8795781035198047,-1.0895139669152298
178,1.5353195805274487,2.1121173089455745,0.7544591806107561
179,-3.9806119283035066,-0.7104778526088799,0.4274107960137488
180,1.1053751849926658,1.0416581662629647,-2.6685832271034204
181,-3.800581670013737,0.8394090462333641,0.504138092191198
182,-0.5298873620610385,0.8458629667167605,-0.3700197323837436
183,-0.7568047439635589,2.1138828180188907,0.6354289844778765
184,-0.4774779950907248,1.823885877773302,-0.6660282657603742
185,-0.23306587398844153,-0.936910784596616,0.0005601447798650421
186,-0.4782751433149669,0.7953705825487083,-0.7705248091962507
187,-3.2264995687357065,-1.410955195726908,0.8056862873606153
188,2.0178081946789033,0.9349175750140503,-2.530878497608552
189,-1.0736738053299708,0.008819884310017992,1.8436452248762136
190,-1.9693257327381024,0.0803491591282174,0.8110741533387188
191,0.32953442650062476,0.7224845054129578,0.43013369165130194
192,-2.4200341436810047,1.247086851774897,-0.3811571895419962
193,-3.7492274668664893,2.037541791830831,-0.1596224425485071
194,-4.242810120010839,0.23309677755064942,0.6831301485358395
195,-1.8491235325084803,0.13604222933180551,-1.0215019771743716
196,-1.3640051922369105,-0.5495397495659202,-0.1296398833178054
197,-0.23934374966922958,1.5707152224071013,-1.1021223903270203
198,0.31173665404180084,1.3080795230663058,0.6936174195492582
199,-0.5809472611710843,1.7141870690416223,-1.53699395853979
200,-1.2756134371871695,-1.059441211271508,-1.3700294236215211
201,-1.795928440162544,-1.4963723523307435,0.7435097261993042
202,-0.4347410262763971,1.3976469157285383,-0.7530728563474127
203,-0.1550573078231673,0.8923265535769704,0.1381925905868735
204,-0.30051460059249147,-0.701984978434218,-0.11147459049636846
205,-0.8285243425271815,1.5742504908190682,-0.07364369281262272
206,-1.699710971569899,0.6670399728739415,1.8549491481662266
207,-2.5401314745438457,-0.12445105899219952,1.6603352301578895
208,0.2836177765382005,0.5107683723568114,-1.1368597354535406
209,0.7814456884575035,-0.06853977471715497,-0.7480698799409621
210,-3.467996135292592,0.32953385989023265,-0.24705542472654746
211,-1.0346644630138189,0.7505370192619784,1.4795697593562551
212,-0.9105071554822864,-1.4259298134819907,0.7940892476710243
213,-1.6197625283229073,0.07443719312291175,-0.4955982293989863
214,-3.852460149573538,0.08757148820497582,0.18404876310465051
215,-3.448627484258918,0.026151347997096144,-0.5653728805540149
216,0.010602564171324812,-1.813841099905955,-0.03252105038913215
217,0.5381493443359131,-1.5932497395785918,-1.648262531222813
218,-0.7367001024565767,-1.7272478446665878,-1.2203809672679446
219,-0.2844102904846726,-0.4596306193025554,-0.9227943287022654
220,-0.6187513525476214,0.9865285367738216,-0.7778726380505759
221,-2.230885378611454,1.4433270557492777,1.4315035440114314
222,-1.132314031388526,-0.9624455440184377,0.21876283006521507
223,-1.7287752521201747,1.1431743261852472,0.2955272678970033
224,-3.423167559406579,0.18088194187629403,1.0115346143131339
225,1.3182588279967875,0.5141644890374137,0.39030326744581767
226,1.9850427985249575,-0.5921024161236059,0.12769129313833913
227,1.956710217787896,0.8751501808849753,-0.4813682961139335
228,1.5806025219649846,-0.6492966300994762,0.8571790557449727
229,2.1013809407315107,-0.17791643176185243,0.8586109463548756
230,2.6127706039054113,0.942166404752003,-0.46991411134484795
231,-1.3439397389861585,0.5420472553364399,0.5488311791775271
232,2.857017302117838,-1.4922681173725612,0.7301828520287544
233,2.1905803839390976,0.41909423142560526,-1.5276689723884633
234,0.5565827550100434,-1.4442371382077612,-0.8584600854811374
235,0.04982211056848223,-0.9231554797206831,-0.600329656832257
236,-0.835201046985404,1.3488632701278924,-1.044845968978125
237,-1.093811409036607,1.1426326993626565,-0.09865284882023882
238,-0.2914077531191411,-0.41965938358166754,-2.4398127203030593
239,2.209414501314531,2.0815900273145376,0.26628214044388543
240,-4.88913635046216,0.11820894164019433,1.2113890177591637
241,0.7365515116984589,-2.0507869281533644,-0.4329723671893248
242,-2.1457619561274965,0.057707000569538335,1.178334759701922
243,-5.563866028665351,-0.8025623636552544,0.4681937815366667
244,-2.888710392738118,0.8069496442836637,0.7892293849884328
245,-3.117529205812843,1.4207205565258327,2.0003213332185923
246,-4.226301582894548,1.5226308340353707,0.5014135788236804
247,-1.9101011473484681,-1.3477533474529457,0.8437453770075088
248,-1.4306052299449579,-0.5048343705379219,0.4348706076949744
249,1.4439900292267434,-1.1776789345669405,-0.22538234532136858
250,2.096554253170731,-0.8283152006547407,0.10969323616338805
251,0.9240800459233545,1.224286162967789,0.6180895636202265
252,2.2635216283823247,0.9484462754384195,1.7251003186119989
253,1.7832222016315848,-0.16699504112315394,1.8548790935903914
254,2.438612565960823,-2.370463061515959,0.6124242809642645
255,-1.4910125902784424,-1.1042821701581287,1.0939104125311592
256,-2.990244195648827,0.9158889018811925,1.2324116649514485
257,1.6689425043849049,1.0808898131859948,2.6860161263956486
258,-1.6826526734847833,0.7675721715467505,-0.3497237080475273
259,1.9519655032257437,0.3058392830974739,1.3160534088200295
260,-0.02117649647384637,0.2615058460534991,0.7374108706199797
261,1.4078463126281928,-1.4381991431729035,0.6054883856637052
262,0.9136263335901581,-1.9084471380055446,0.36611015637089933
263,-2.3617553869748957,-0.9674147739528213,1.2829041014708742
264,-1.3488125882254378,-1.4036200994583643,-0.15693821338941383
265,2.465550831859814,-1.0907215430761208,0.5975689805841609
266,1.2626726022514634,1.0760496956216072,1.9959860171306645
267,-0.4690050200482449,-0.42871182273777125,0.9990219410188992
268,-0.2223189117475509,1.8816353906826218,-0.1424414906550373
269,0.4610942762062357,-2.2135540030366663,0.24056567863608025
270,1.1648129184246796,-0.1915774425961177,1.419469677348008
271,-3.210728910547143,-0.5387514557726133,-0.2131142053864522
272,0.2316118580343654,0.8374422079760617,0.19771898936874488
273,-1.786617885713115,-0.8805305516089504,-2.796387751681449
274,1.3259136148963748,0.7162025485560667,0.497621831716552
275,-0.19250574154119487,-0.35166481550192086,2.1173606794914965
276,0.5292651729707428,-0.03639913020685647,0.21730627091443772
277,2.143803222430515,-1.1790027757223918,1.8113661005933943
278,0.2937492569279468,0.7933474762962668,-0.21291960796277673
279,1.314444838280445,1.8538587939632807,0.4200205234522138
280,-0.3283498425202601,-0.9776500899795055,-1.2247300297634585
281,1.2047934210074456,-0.12974500497672248,-0.0903412216440772
282,1.0666438213648382,-0.8537084616625737,1.226738444426479
283,0.3660976356607078,-0.41173703162786474,-1.2341313642806522
284,0.14773255531132565,2.419158317035499,-0.5565073513290497
285,-0.5059858411731628,-0.26966509013203094,0.12643151666092275
286,-1.97623906636999,0.4260444728989764,-0.38566927791751726
287,0.5777671950001388,0.25454525005822076,-0.48563551392083965
288,-1.8273267455066349,0.7789858881536825,0.784352432685814
289,0.74400466190871,1.1244005865248825,1.826428696288192
290,1.9948079859886108,0.0005718284888912848,-0.24174454074942667
291,-1.3081275359928155,-1.8911228860209595,0.5493890044304092
292,-4.1156924164582955,-0.2721944722182983,1.6658912085993953
293,-0.9277293430077334,-1.422240732655786,1.6566697594210984
294,0.8679611341002285,0.4502874489121753,0.16538207537919883
295,0.2583729782724972,2.594207969515685,0.18687167005271638
296,1.2659111839473436,0.4630207591706487,0.8384945441343217
297,1.8763059230950494,0.8361567735480357,0.22472902125214628
298,-1.8157796831760278,0.21906650200478925,0.31960253657529075
299,1.6675482608897347,-0.962471648437776,0.9750893165043633
300,2.607438596802897,-2.0631068522563436,0.7254355201620932
301,2.062598847336291,-0.5481865862262376,0.5916708206107142
302,2.287787909910815,-2.1269045008044047,0.5035145565144805
303,-0.18901617821351208,0.7726432024549981,-0.9466655246165786
304,1.0112018497850828,0.030579928057020426,0.9956872796014214
305,0.9171389095618996,1.4019926411935337,0.630037874925797
306,1.0275849753688973,1.8475757814568217,0.4246260353586711
307,1.8229507691278284,1.0157328930456033,0.3535374239874577
308,0.5497609363094453,-0.4529386726772852,-2.6002380758058288
309,0.0023147877385467134,0.43921787052989497,-0.7761060730335998
310,1.426111120948522,-0.1157541762837996,-1.3724271670470105
311,-0.5350139284887218,-0.03248841736006111,0.3924657407201403
312,-1.0357256259613572,0.2777578145695205,-2.172494147558048
313,2.0975300263424375,1.2820341435072269,-1.0387333830380945
314,1.3674124198063804,-0.3316970485730294,0.8985796819880869
315,1.6259276521808377,1.124372837390756,0.89646197916192
316,2.61793424082071,-0.10746930898997373,-2.410543687991032
317,1.5780167181037046,1.5360173986159533,0.702663285922908
318,2.5672519504727136,1.8652205286292702,0.42024210921828714
319,1.1906654605824285,-0.2334833383166605,1.451122125936906
320,-3.365677971621024,1.7377732720061616,0.31788076533871823
321,0.3276372040419722,0.6520223372304738,-1.236081776790083
322,0.9888221271476307,-0.9173418580993964,-0.5217684108921457
323,1.0713394587523806,0.6625238030623274,1.8087305331134602
324,1.0840979365449275,1.9844702637785976,1.0070012583103052
325,1.4658420430350751,-0.9939046760648312,1.536504887547445
326,1.6241307335958017,-1.0452632264477666,0.7067842799872077
327,1.4511383276488432,-0.006431172385497919,1.0055402682296157
328,1.3096458917796354,0.6375954533813525,-0.4764139308582419
329,-0.6634334379742705,-0.25784317858966443,0.6777111677192001
330,1.346603846631601,-0.040230418475983395,0.25696955219336143
331,-0.15664359137434067,0.29334818293627174,0.16852028541090752
332,0.7781656517498381,-0.8536429165824116,-1.5004403518757694
333,2.2061273087694566,1.0164291124484817,-1.848949692260195
334,1.6334001414555768,0.5572905812020481,0.092852233010965
335,-0.9840306343817716,2.7896596642083247,0.052636917216409194
336,0.3766613478185537,-1.765254687893162,-0.4220330315767835
337,0.37202531412169654,0.9500066373126231,0.3984275795677625
338,1.0500668318229622,-0.23520897983645941,0.10765213581126798
339,-1.085035303199124,-0.19651017269752,1.5705617629169053
340,-0.06212375310210275,-0.8497177108601925,0.9773813332450516
341,0.658404583763144,1.9091076453696472,0.5812961568730296
342,1.0418616508678582,-0.36821951546085496,-0.9624853794171078
343,-0.8125573839015587,-0.6421576646661541,0.2860850919866938
344,-2.7547383940945807,-0.312837826771236,-0.9652943978177317
345,-0.003815602692313691,0.9922159916226022,-2.2756440494401207
346,-0.7643493041189504,-0.08364109935795273,-1.7583083393878363
347,1.980645453934016,0.22797510607460322,-0.20997368076537445
348,1.8689615530621781,1.6251263555822746,-0.22687846628728647
349,1.0596118931321483,1.2861298040117077,-0.2594321511042866
350,-0.2879136572758083,-1.9658108794023679,1.3921761805661355
351,1.9661944348096916,1.1903312775181392,1.9682136580793816
352,0.7733689457212114,-1.5455558780877923,0.6616198524836303
353,-0.16352596646605588,0.4371654393925551,1.2630551286271032
354,0.35734152982115036,-0.17935131556956893,-2.3911028624089954
355,0.9956016311455059,0.48983071180517346,-0.39220176727945893
356,1.6817285014902148,0.696303215885046,-0.6372982333326425
357,0.6338593128630043,-0.4649951590767115,0.4448121081272388
358,1.401628120489641,-2.0376314196571195,0.5497453147110251
359,1.3056300015876716,0.5319293210555214,1.3648603517794247
360,1.4087647414584974,-1.0389079827690904,0.5513730508620187
361,0.9115430549758204,-0.20798713821216705,1.1859749410003284
362,1.9590527806899862,0.0975235443063085,0.0766269658847694
363,1.9160174128893592,-0.38432174725484025,1.6068034418708963
364,-7.116837461887618,-0.21269033979013158,0.6889443955457525
365,-2.432371324306453,0.034777714475706975,1.2104007903213647
366,-1.1169803433315573,0.3558760689517954,-1.01653204224764
367,-2.925491331823029,-0.5284113320035346,-1.268766577132488
368,-1.885884410501849,1.9254718840744738,-3.233932711092706
369,-3.2244711872860816,-0.1453149496249425,0.17732952139446248
370,-4.548289920113432,1.7558234441166636,0.3693260716663044
371,0.9654544227357648,1.742938203521169,0.31690090151374123
372,0.020250177677593444,-0.6608093259315712,2.2958761095945297
373,-3.636103944046918,0.7491060143318731,-0.6534898576794214
374,-0.9587964142922828,-2.1603494001903556,1.4281605033763536
375,2.0357403277013266,-2.0582926691368595,1.1200644311290955
376,2.2605794584681016,-0.14888350738488698,0.02082771050520941
377,-1.6901431059120553,1.415626181091344,0.5462742908441128
378,0.08584643759893143,-2.1886597238424716,0.7729559954749706
379,0.8575097262936365,-1.6482712072573302,2.1169129477600275
380,1.4014785523402604,0.794678435290603,1.829405647015065
381,1.7975055881964712,-2.0453486745008727,0.895629138849124
382,-1.427168706566859,-2.5103429414867366,-1.0135165911589872
383,-5.732562523025694,0.49919052892595633,-1.5150406424956258
384,-2.408010273264263,-0.34717664318487135,-1.216743563250248
385,1.8232246494906759,-1.5661596781494818,0.6753724289223778
386,1.8871934482479797,1.264709459039762,0.517778232079418
387,0.3651533808459054,-0.46194371074965423,-0.5116643361226926
388,-0.004777083543931813,0.16815074308457909,-0.4051780005480007
389,1.7452570563811267,-0.6558076976433237,-0.3392816863118213
390,-0.3693279484685094,-0.5788027165503808,0.6808832364727437
391,-3.5765246423446064,0.607783651049576,0.440848007170772
392,-1.518905584602131,1.3790334596375116,1.026413689004561
393,1.4210256540395674,0.996416666815082,0.15200543229027078
394,-4.917188308941706,-1.1332623702014006,-2.272036577676075
395,1.1323705737946574,-0.11165174140131513,0.2668534236669948
396,-2.6652615050536137,-1.3190734779872193,-0.30106779511120246
397,-1.798708205681573,-1.4882960190088015,-2.391754760961041
398,0.07621675085008017,-1.8595656023182692,0.02245868554209593
399,3.2750943569129007,0.3782477432499033,0.15915392108741847
400,0.7013005678772882,1.8263183466146187,-1.3856890369700292
401,-1.7530314513347784,-1.7314192058292042,-2.5184965377219153
402,-0.9482239708893057,0.01308357638761335,-2.371901035814058
403,0.8572044571201963,0.13014415960864523,-1.5529698070276292
404,-1.1721780682254452,0.34301643928420816,-0.2434258524163045
405,1.3722373968376294,-0.8135460591772972,-1.9525099041194072
406,-0.9626901267221863,-0.6956589569219357,-0.45362955141271005
407,0.03606060524078978,0.6070881999292201,-0.08511044352234466
408,1.7472178359942474,-0.21710011211813726,-0.4225890740376173
409,0.17352602031664638,0.0013046562275834679,-0.07754793570626073
410,-3.768534805919197,0.6473714668658965,-0.17051221083512458
411,2.5173461921084574,2.580293347305595,1.2695223494141155
412,-2.83157240191233,1.04139835491286,2.7987192767558913
413,-2.2600891817871873,1.2156130915984091,1.4145460775049878
414,1.396112283488739,0.16675653578014207,-1.7621424129409524
415,0.7565357001156138,-0.02685704084947459,-1.0680859839942298
416,3.5710596365803644,0.9162021604490613,-0.6282987214640008
417,2.2219512450214864,1.8051927514224115,-0.7334784699614603
418,3.042421686519516,1.234955305634323,0.8265200568277847
419,3.1923110972819875,-0.9383716231663003,-0.6909948538931527
420,-0.03645517414052603,-0.7084824594602783,0.05109103398332991
421,2.703765128220513,0.030442993648995217,-0.6600837361324037
422,1.3568724155501233,0.7850469423776167,0.19734625363221425
423,1.312391855975577,0.22935087009669894,0.3254006626362134
424,0.6651478716379451,-1.5904332942682484,-2.100584781343491
425,-0.32189353829256917,-0.3778973441231496,1.1041906985781598
426,0.6395533979229093,-0.21523112429381616,-1.9937921086292956
427,2.5998335720370402,-1.850596945768533,-0.04150019410083132
428,2.2462663043242785,2.216528527657896,-1.4313183461950951
429,2.8675740549210014,0.42816679904291455,-1.029033960353848
430,1.142630179820569,1.5220246787517215,-0.9451337061955483
431,-0.33796363069215435,-0.9258919927644534,-1.8611791125302248
432,2.6339153746158535,0.04856870802149583,-0.7525352614658307
433,0.6643646516835793,-0.2606221363780442,-0.8307564831311812
434,0.9350269753274895,1.4089849772760623,0.9176851756237402
435,-0.6838878445157311,-1.122677508681077,-2.7602539147371106
436,-1.8559447953212331,-0.9015613086126901,-3.4482748452444816
437,1.1834913862950385,0.7913468598375246,1.134546306614877
438,1.2443519318271354,1.3041678131146517,0.6925251038344113
439,1.0278403975331836,1.1112736691974185,2.3149570614239527
440,1.3211595771246258,-0.28136383343246113,0.8937377266487405
441,1.4937859758351013,-1.8302630249698897,-0.399312436416299
442,1.0787916823935402,-2.036911251044914,-0.12287785859754509
443,1.5649234122673796,-1.0545365395227595,1.0584538512407102
444,0.23749020736030801,0.3045930664126136,-0.5374391342646792
445,-0.006305812124833353,-0.2794721770982796,0.530974538785131
446,-0.2769238772679614,2.296463727344762,-2.5627935489743225
447,2.237545995650182,-1.8280799977304094,0.07624029541748992
448,-2.960426302867603,1.2766718580619663,-1.165661130300486
449,1.7255542343061574,0.7640277610837941,1.9144003816260482
450,0.6015389351693106,-0.3046095141543306,0.13580859229692407
451,1.1806015411036166,0.8286878027122794,0.6269463358049487
452,0.8962834647216398,0.6680419540692384,1.7727101886193146
453,0.7032458882462856,-1.761503013043307,0.7367993728682918
454,0.9458912303644615,-1.13658091237684,1.2473343356261308
455,0.7595943767928091,-0.6468087289260722,0.9329597853733641
456,2.7202556626746364,-1.4209066787854372,-0.8269144668995726
457,1.2795858089081134,-1.3050453179544712,-1.4077181122022617
458,1.4063693623259397,0.41393440533231973,0.3049440909367891
459,0.4349344538055597,0.6173704237667441,0.03814383948008839
460,0.3402966108817268,1.0878440704489276,-2.9249376340471476
461,-0.016331339901368463,-0.54430136301198,-1.8538999113911447
462,0.8258915561906555,0.5421953038000505,1.9727312068828746
463,1.544882814955548,0.6758151876547592,-0.441036290230303
464,2.419930207911523,1.832103965415283,-0.8593530579209185
465,1.8398439977760876,2.4176031295620994,-1.0697394540094332
466,-1.5953002175620117,-0.05152039431415412,-1.145401248420888
467,0.9676723922994583,0.14427356643346048,-0.38284268492428875
468,2.5532901553031953,-1.8067178498181644,0.35658974621164746
469,1.2125636155119448,-0.879830911134506,-1.8012618779353564
470,0.6987828523417229,1.3323388138444252,-1.9993662287217613
471,-0.6438499614319937,1.5920365190740897,1.689984803088157
472,-0.8089900239735622,0.27339808705548396,1.9585876815661911
473,1.105483221311747,2.1871168512422146,-0.10712665464192406
474,-1.833383903147289,0.6506310877068344,1.3226599878541503
475,-2.1795669601177914,-1.9874815130963381,0.8406660690186145
476,-2.4831968231555446,1.0556577898039095,1.3327831212099541
477,-2.0894252443257346,-0.5074384852070822,0.38934291263031096
478,-2.4731034068975672,1.267596152428891,1.4909373084941537
479,-1.3273227118481692,-0.5633760595164891,-0.6742773593730673
480,1.0469013713944866,-0.8499330298483708,0.23343855144024525
481,0.8310235852718745,0.6522253198838334,-1.6110299479255472
482,1.7569396896416263,0.0656602567432164,-1.2208333903127786
483,1.3733673197553578,-0.5035358622212697,0.6802507508560721
484,1.46516387077274,0.5755538979121705,0.07460958668916415
485,2.968441848894923,-1.153934631831661,-0.46700879677058055
486,1.5763738147539095,1.5271619048066019,1.0684627514009277
487,1.1078363912103402,1.2447226721235656,0.22422718321250626
488,1.3238255806416217,-1.7978764262766134,-0.7298743678831141
489,0.3769652399798168,-0.5931032596389856,-0.48499322620442126
490,0.12393512845980352,0.9499830080917611,0.36643049986756965
491,0.9082302179063416,-0.5326390031077067,0.6881704621262384
492,-1.3738653202948203,0.46607626824512477,0.2814248344098569
493,1.346837154160041,-1.0198604649690375,0.4999581939181899
494,1.605742903509635,0.14724891823447706,0.09923309804674305
495,0.06765359156005928,0.09581005402986319,-0.38058533357011254
496,1.4495818900940605,2.0000798158008473,0.9347299556809426
497,1.718782081851339,0.6673911563054004,0.422723542173304
498,0.5429227176037031,-1.204765014573304,-1.4014036412882123
499,1.2301942395987437,-0.6003105554490933,-0.5713398360173332
500,1.1421652061542125,0.3370081470949593,-1.1159595727055627
501,1.7856817110657928,1.8777612779963415,-0.6642940910940254
502,0.9245640961267007,0.16258617468129663,-0.2817057123718485
503,-0.2585963478747655,0.7651708899032039,-1.1687445878858533
504,1.306016173850869,1.327253841982132,1.3216625432806848
505,1.2589788330655025,1.0880425684010226,-0.9819317023400927
506,1.9078654981766672,0.5205556864665695,0.8850069271993601
507,1.3052599186035911,-1.5641506829710352,0.641247570676362
508,1.6390111587153708,-0.9116524789398558,-0.43631353125859623
509,0.7748518868369787,0.005723858898938908,0.8885697948074126
510,2.496493231960654,0.5794963326131783,-0.24747830640951432
511,1.5277693005973256,-2.1814364309163663,0.41990831362218345
512,-3.407039372977407,-1.9988380088395947,-1.6868415661954084
513,-1.7954768655728646,0.2362125888542557,-0.3725152577250699
514,-4.851240758227534,0.5016119141712102,-1.5182504475241358
515,-3.4146105705432057,-1.0964695635088404,-3.017094453145384
516,-2.6113435157413067,0.4504950562961257,-2.553702711086424
517,-4.020573514664942,-0.8821263721818292,-1.895796324875079
518,0.7821219664825596,-0.3595232799563029,-0.5505585656417386
519,1.6632396985273468,1.49321158491072,-1.4425814734296585
520,-2.5687620128192203,0.4232812658083185,-2.1754524380167783
521,-3.272098401163139,-1.4901132898205127,-0.6698780843556946
522,-2.3650346870234302,0.6890638838597215,-1.905857334220807
523,0.2703711728507434,-1.5323236666607039,-0.45854637149164934
524,1.3851507862422507,1.7468200564014433,0.22772743740330478
525,1.6713180820357996,1.127458494371322,2.2280406515027456
526,-0.6652877369932438,0.49996937704140204,-0.5124601854450925
527,-3.8704025982387256,1.6448926472003216,-1.1351254073816468
528,-1.2483116135141983,1.4651353402958625,-0.4507621880986905
529,-2.311630250653315,-0.4074523732187392,-1.3502908070488846
530,-0.7712400149611959,0.3416462958834983,-2.70552507121427
531,-2.3366047656701543,0.3678896993648397,0.905733370287644
532,-0.4558259542186651,0.31872394062810205,-0.9353753005664951
533,1.4799841139870424,-2.420400629176574,1.6006629233685612
534,1.4813821010693566,-0.5725461907016857,0.16872172183070952
535,0.4325967065776897,-1.8146122919433045,0.2793891166179094
536,-1.0468460473971894,1.1004340653274802,-2.0253368678758337
537,-0.33318428889231133,-1.6541255165764794,-0.02941622342706808
538,-0.30472782785648805,-0.07304611253214226,2.4941051096291464
539,-0.08456270960416556,0.6759947803418037,0.4749252353936285
540,-1.7172032498380816,1.1848277680720711,0.6151320707070638
541,-0.49652543519031,-0.09219429513099789,-0.34179529408233766
542,-0.23879177721353417,-0.7209395254369471,-0.46764083966939246
543,-1.7814731867690417,-0.13723171002907297,1.358591216422316
544,0.8471202366680951,-0.8466746898977693,1.6831519799216779
545,-0.46003915352498387,-1.0274412671883528,-0.14882660981447862
546,0.38680924827577595,0.47063622650036335,1.3715046159111444
547,0.4285533796958237,-0.4529099657463298,2.391461949343082
548,1.307369124299113,0.581567917080104,-0.3753878999245456
549,1.1809766074597152,-1.9359050567635723,0.215789264463564
550,1.8603300975547301,0.9561163885207846,-0.23999551964135266
551,0.5523485308660422,1.037687097156293,1.277702990222299
552,1.4648016253997547,1.741698368956644,-0.28997680003049386
553,-1.1451644030978554,1.4054170260917493,-0.9733390454649747
554,-0.07227367249295645,0.5784556340793111,1.035777042140645
555,0.9500671859781028,-0.35615470492805235,-0.4657046880253084
556,-0.10818322812851029,-0.30868952408713457,1.2494000101350762
557,1.3657818309658103,0.7964815516337533,-0.4736977258178055
558,-0.0011407862009266078,1.48181571809042,0.2824626524774751
559,-0.6138479275948219,-0.6170741085310839,-1.8452503194243286
560,0.2605277208550754,0.6348167174375777,-0.1708004838833005
561,-2.408244863927672,-0.012541940048610813,-0.24560115705591481
562,-4.664399978885956,0.7681798076782383,0.7208008847245871
563,-3.11217544146554,0.5519456990608639,0.8268019144200026
564,-2.8780723359116998,0.672210043092215,1.0133089930143087
565,-4.090163445363584,0.3477131779443643,-0.06755683103452309
566,-2.6447340592820265,1.3034784404255046,-0.3430719558038719
567,1.7048478664250761,0.3754002017851629,0.8534660304777884
568,0.5343573931561201,-0.5237880506957091,2.5292650612200553
569,0.7882219112053889,-1.3962228444041234,-0.4363125021496806
570,0.6492579268591171,-0.13902470664717392,1.6291144461219536
571,-0.34516022330512813,-2.380668040580636,-0.13376907480107378
572,-2.7407508296764025,-0.7751830950265604,-0.7455902754118253
573,-0.4828924567119063,0.5313042398615392,-1.069446051693031
574,0.9118398825635817,-0.6997575261406683,1.9498093741091784
575,0.8095374430431076,-2.385462043488385,0.976775174761882
576,1.1815041587306685,-1.6465918863889994,1.0707740596950142
577,0.4684406344099666,-0.25610790599989075,1.6066648970306543
578,0.8952841393588545,-0.11847509205018995,-0.6303363045351679
579,0.6286607279926221,-1.425458122082146,0.816900894723928
580,0.5480566217002885,-1.5793711183760901,0.2347920091270753
581,0.3742691777320037,0.6516578031646372,-0.5061962749230688
582,0.18697887734061716,-0.6299124513952111,-0.5779181330829258
583,0.36299068780411115,0.7205390771611935,0.5627427397364254
584,1.835253606687895,-1.621767892683875,0.46204534512896
585,1.335089286726598,0.8523712952385191,-0.4532047182288239
586,-1.6284589674386318,-1.320728954358957,0.4519111778330918
587,1.1290503628440016,-1.3576379514007082,0.6208409240542291
588,0.10196408981616228,-0.7503842328610527,0.6616259540384182
589,0.39018306413334153,-0.9829767919393774,2.140484224859888
590,0.6231003392071677,1.1874542859742565,-0.13916905269768043
591,1.1994450258755756,-1.443931480024689,1.962449658924597
592,0.469107881254107,0.2189356096019079,1.5041265229565348
593,1.2531497444329265,-0.3174960322632437,2.3288822745546276
594,2.475077308150022,0.22979646689480077,-0.0907483143361311
595,0.6366361626244289,0.8500796989171859,1.3619178198976596
596,1.3177153373031447,-1.08273124105586,0.5420879230244653
597,-2.085593625090231,-2.4429567891987576,0.47591925414159386
598,0.16932522205503267,0.7406243935836007,1.2111747612867676
599,-0.03499512212534355,-0.9205360387944507,0.6674314248460567
600,-0.7163778676931474,-2.59713795729729,-0.5078100720882968
601,1.527728229687846,-1.0966826222494905,1.4997669112720107
602,-1.6695722324155955,1.1989818044865714,-0.2301264484588615
603,0.8749933611444973,-0.7758404707841459,2.274960498505212
604,0.587613429025331,-2.2837077036202924,2.081682824805501
605,0.1822623365110774,0.2747934585974683,0.8529445094702945
606,0.7330262699724218,-2.2444894641211404,2.0826385102646072
607,-0.21264558565024594,0.8095937571555907,-0.07651185209607249
608,3.040075982180887,2.371665747616991,0.9213106511316793
609,0.9157346235779921,1.1862379179395186,0.5109888722979253
610,0.8740544276294284,0.39825764520844475,0.5048299903368271
611,-1.4135130319250835,-0.45579986671720146,1.2621874515634584
612,0.5011766486651031,-2.0574040029083953,2.0595791564848067
613,-0.04613143607387854,-0.23487266821328792,2.5772081329471335
614,0.9875994311062619,-0.695989286551152,1.4376121695337405
615,1.3065597404645126,2.2123414452756593,0.03229872412801473
616,1.5535204501737125,-1.2834990909046038,-0.2737723819033248
617,0.6257962884658821,-1.4700884071271796,1.1425085879669488
618,-0.3522083201009073,-0.07166273966285483,1.1008090522009135
619,0.744385030453027,1.2253905741325208,0.7862117108764702
620,-2.337903455462158,0.324563280693116,1.1046825946382468
621,-0.2990062277074987,-0.6715858370202019,-0.23558214112434572
622,-0.7185068949998107,0.5069572161859847,-0.38620915851664495
623,-0.039512822658993106,2.24264805564845,1.4989370260260162
624,-1.1653078090279423,0.7209266113156823,0.9301496339051294
625,-1.501888009823638,-0.8247939297124609,1.7459297683433632
626,1.5046242920350628,0.6167447826530862,-0.343727659926359
627,0.2783462048353999,-1.5990497986850607,0.9071031053364093
628,1.045641453743099,1.1549939342023732,-1.0822853670655614
629,-0.918344805096171,-0.2616328255200224,2.0108900197064714
630,0.5406026173395734,-1.473343813326565,1.126131135112835
631,0.7658499675523359,-1.3430601074927,1.5128391102754921
632,0.06830127321391634,-0.9077375186259737,0.27093153087080324
633,1.004264714071567,-2.444925320247388,1.0685960821924847
634,0.29579931736289256,-1.5188733825415044,0.9857503604243039
635,1.3374233527631003,-0.7557896956908488,0.0009866536470592125
636,-0.9645437342337346,0.7146270238185496,-0.22443040566494407
637,0.9100095303679182,0.08017063222254826,1.4609358174736218
638,-2.112463686897796,1.0724396398652072,-1.4985516498203
639,0.8039616256958025,0.3326302461006176,0.581992403596385
640,1.2918001180858707,-1.910728478881877,-0.2623060992588303
641,2.2632747597197875,1.3050400015949972,0.11139220831168514
642,1.4520881823075094,1.8639272902038204,-0.00010337860208456642
643,2.0366793295409975,-0.4554337672437237,-0.02439264354093669
644,2.2554340866178055,-0.2569219652402888,-0.3518605637387426
645,1.4809320248664681,0.9602459924212542,-1.6930122713212425
646,0.7802361566966078,1.3279857894880465,-0.7803194420491868
647,-0.006285680202748993,-2.0642495611523812,-0.06979735666776304
648,-0.49100777704689746,0.874214284569254,-0.40565041820458986
649,-1.9468555545153803,-0.26009661298365455,0.8636485089197886
650,-0.49487066585508843,0.0222556576258432,0.22535071932217624
651,0.3276372040419722,0.6520223372304738,-1.236081776790083
652,2.0366793295409975,-0.4554337672437237,-0.02439264354093669
653,-0.18901617821351208,0.7726432024549981,-0.9466655246165786
654,1.1720453807910358,1.725677659468481,-1.6887547462463228
655,2.0975300263424375,1.2820341435072269,-1.0387333830380945
656,1.2290748495602117,0.8238494957014706,-0.35588668656371664
657,-3.365677971621024,1.7377732720061616,0.31788076533871823
658,2.332035014102939,0.7736892759708179,-1.9778080585985278
659,1.1720453807910358,1.725677659468481,-1.6887547462463228
660,1.4488468193119315,-1.3815221417532855,0.3053436120420069
661,-0.14882680403987947,-0.2562857155528688,1.188997460177777
662,0.004726379168780436,-0.7893442130262677,0.8750228526395295
663,-0.9412513239445292,-1.1925171896703128,0.8290913280554256
664,1.7681256698958914,0.3805665051803039,-1.5605313861314796
665,0.8265548847425267,-0.7784267145478829,1.2548965545979986
666,2.314142491189144,-0.7824620271048377,0.3457763976799402
667,0.43261029994786837,1.511142809545273,-1.7605657301987263
668,-0.29274745118691464,0.7894371070388954,-0.48526462080386007
669,-0.16930898003000044,-0.8205131256961298,-1.3336813796248945
670,-1.2519652127785037,0.2982075175476609,-0.6914491891367259
671,2.6535961992417425,2.006381907622945,-1.1378618793320612
672,-0.19800089539134094,-0.22755208315561407,-1.043313416843727
673,1.8427586558910871,-2.7458771404312223,1.0426103678422525
674,1.6011514904696562,-0.04892529991381389,-0.39130962093142335
675,-0.20877498423178803,0.9804310713689384,1.3281435453940338
676,1.621036172550978,-0.8866725747213855,0.49246049024775596
677,-0.6688521482278903,0.6918857035103746,1.1884054336338998
678,-0.5148451340684852,2.0973251421663583,-0.20462012256123696
679,1.4237583500520619,-0.016250643207750222,-0.5661684260540273
680,0.2974178068822701,-1.766284957639117,0.9822747971622594
681,-0.4143849606001858,0.10023793429283256,2.1408755688025503
682,-1.2546093323005643,1.0537584529741701,-0.06441810197161423
683,-0.24400811015899784,-1.1545778945379783,0.4417681862921302
684,0.6368039514290962,0.6607822971827649,0.00896914731937489
685,-1.3272738529504868,-0.39066445954072465,1.1363378550615908
686,-0.19320257132376248,-0.41739971086817923,-1.3941337471032502
687,-0.2192418267081567,-0.4097820264445795,0.8395413991979997
688,-0.40332036195799476,-2.1494733822796324,0.5169232787658631
689,0.9454500196059842,0.6011329307998352,-0.3142662230797865
690,-0.44996913081068973,0.8483210066400814,0.5248689845843144
691,-1.0398448154094224,-1.110706443268501,0.8237223000923061
692,1.161949202848133,-0.5173090156231835,0.09477425513487626
693,-3.5909395200656986,-1.055611172377704,0.2327877240369226
694,-0.4710144034878829,-0.38511140505730257,1.5637658245985386
695,0.947208139667601,-0.2022733410389113,0.3666787294687727
696,-0.28548046540421096,0.772333990699406,0.24261220138323591
697,0.8964350124501536,1.82033270816602,0.744716536752957
698,-0.6419832212772442,-1.8286005617474774,0.32419942547706826
699,-1.6334077688989206,-0.8723807231163432,0.5093793466059885
700,-3.8258179723971915,-0.057354512105546776,0.4034719043544738
701,0.48300647600185087,-0.5216117375275918,-0.09808678069958494
702,-0.12918972362249456,-0.5228160674583928,-1.0634686006411054
703,0.3639859844928714,0.5345449145736256,-1.7958317243639774
704,0.933724074569453,-1.2142469437161214,0.7074327930347218
705,-0.6159635041080048,-1.2365587904154232,1.2229315115903296
706,0.6067538453062804,-1.2282670069973147,-0.9414952647939898
707,0.2581850493670292,1.4311691247947502,-0.5149434603305808
708,-1.014590756702344,1.1937733625721418,-0.0572881330126972
709,-0.869206634067616,-0.4211574929932626,-1.6432550464744407
710,-1.7258783553192152,1.6036403333418363,-0.4146262401462819
711,-3.2916801958930946,-2.2696994070631518,-0.4660933942531607
712,-1.9519053994248718,0.15416096327350096,-0.6643062412169175
713,0.37673471213849036,0.5552344391514275,0.3717985267438631
714,-0.4570761553171246,-0.11691194290847094,0.09415799754193341
715,-0.2076261663461408,1.2598502658431319,-0.6562318707473759
716,0.819870807731178,-1.9591019948060282,-0.22053162934714357
717,-1.0156764551668955,-0.621119490618365,-1.4349723727047723
718,-2.118538741294393,-0.546514271517853,-0.38194415843553875
719,-1.7690109148726179,1.3098317227049001,-0.09763150958793092
720,-1.6094509784895703,-1.220606755457804,1.1332198249816452
721,-1.1032237459348753,-0.121555453208009,-0.6311630199020143
722,-4.290914205635289,-1.7809868874539403,0.6590571700306568
723,-1.1024332303719784,-0.6763202328538082,0.022597176441797987
724,-2.156840158370208,0.8019187332296085,-0.9780879673621903
725,0.19650744526293104,-1.015446591693058,1.7616417837350118
726,-0.8029485935441272,-1.4761208414901876,0.03143037456788699
727,-4.796157429785211,0.5952756911375473,-0.6918468356084045
728,-0.2253640481213687,1.0705204983406478,-0.5000557875753054
729,-3.6770667640935573,-0.06983082352199012,1.3591299590518797
730,-0.9867580438177388,-1.542126679358675,-0.8176665191889384
731,0.31747260244488823,0.3915875373210434,-0.7534287474952855
732,0.6630645304126652,-0.06979543826665667,1.1299835115422043
733,-3.2771868551240737,0.4502241593960087,-0.08687380443345323
734,-2.1170562295194384,0.2755148372277185,0.4645786034669528
735,-3.6649382964295967,1.8374265190993082,0.2497980300856933
736,-0.7679107364199094,1.674829194489406,-1.229977177234642
737,-0.9095263524237585,-0.08674443107055416,0.8976966607354715
738,-1.622814899915178,0.33041018653526383,0.2366848334576082
739,-2.1686487675953274,-0.14209017434730029,2.1503788689545846
740,-3.129188429936023,-0.34353635634871865,1.4689083772459977
741,-1.526889355981039,-1.7061768295893356,-0.32291572966279747
742,-1.6689085931869228,-1.1894273002206388,-0.1746294254726518
743,0.5247160147533374,-0.2762872387192862,-0.7034696567811526
744,0.011575323987138977,0.2716304887973134,-0.644067873610065
745,-0.8020445473296774,-0.4598032499319506,-0.008497881493087509
746,-3.7440181925476925,1.5898011963388297,-0.12486886531112446
747,1.2068164985119805,-0.210624338360527,0.055545725052927736
748,0.39378739086444936,-0.823604034095688,-0.37504387234485304
749,2.468186455518207,1.201505281167725,-0.5922182710104187
750,0.5437144435950984,1.4724447726903018,1.9217437930944319
751,-0.866995513577864,0.25853560583622226,-0.4957946651049532
752,-0.8925819657884172,0.6246336772258713,-0.30555656721251995
753,-1.2616862643972853,-1.2192556240994163,0.8582596856497537
754,0.9109095915577703,-0.8699844172261579,-1.2093403928197226
755,1.8871934482479797,1.264709459039762,0.517778232079418
756,-2.1168095254215356,1.3350829463456955,0.35089169628325106
757,0.8763860662439811,-0.8384322876974211,-0.2567143867821984
758,0.5672205254258514,0.9464179027919523,-0.3998422219462304
759,-0.23777540173573805,-1.5579113619426792,0.5996689264071343
760,-1.8464213922094619,-0.7888846291695711,1.909109099090035
761,0.27827654779065164,-1.1946056371740104,0.7268234229450046
762,0.1285435349312963,0.8927897009636833,0.2184170160750874
763,-1.6179175679034636,-1.810609448343292,1.341042028223574
764,-0.726281494658202,-1.63626311792135,-2.07470262951545
765,-2.2698884871494696,0.9940242507794479,-1.3248039746486249
766,0.7563671796890713,0.33701265319359036,1.0932066530778326
767,1.1485045492165176,1.947108154442294,-0.15553250884334224
768,0.4938454739883375,-0.24117199870669037,-0.7050464314921636
769,0.6626733254064431,1.186765321535587,-0.23891628868543718
770,-0.7249350965686039,-1.1628537148044389,-0.17947587682673402
771,0.0021269990658379745,0.04128970883838896,1.2703801190725883
772,-2.4120989754792594,-1.5384628426462235,-1.6450258323540499
773,1.3154586665215584,1.0830360169749624,-0.9079941992365863
774,0.0035642447615834016,1.3909369224314938,0.6167886314102726
775,0.6587635683458386,0.6451440165983029,0.7960974119426213
776,-0.047085546104046805,0.37568021634664944,0.5154375684915803
777,-6.424871249093582,0.6308945597672739,-1.7414991024016013
778,-2.3919879226568685,-1.7538872277849602,-2.9967200372094123
779,-0.3260983481612364,-2.1539271570170473,0.5713872400280373
780,-1.3118911433358813,-2.010120120458489,-0.26478063648816186
781,-2.030760731271,-0.4794861038489095,-0.9350287405522751
782,0.44978687127705946,-0.9524050315315535,-1.554957368904455
783,1.8457756638794125,-2.0204993601355783,0.43236101536257593
784,0.3154562601424979,-0.12115865926641756,-0.6634244800083561
785,-0.2179858142388557,1.84573212935715,-0.5263452175074471
786,1.0063728770111904,1.503506830885503,0.2659846016533359
787,1.1290503628440016,-1.3576379514007082,0.6208409240542291
788,1.261083990240864,0.7230129125903964,0.6863129733213427
789,0.4640080222807231,0.830818017375167,0.2158506172422008
790,-0.4095233345824097,-0.4598766272339627,0.8855286749567098
791,-0.9626397439096241,-0.7274619211151868,-1.3697417931110105
792,0.6960916469119787,2.0863059809120954,-1.6160492127208816
793,1.9583965650545083,2.0402863465517806,-0.7353518616925451
794,-1.2547544461314293,1.0544571785254913,2.2388743196450216
795,-0.7199138325689909,0.7371302037985766,-1.3275609942010071
796,-0.6142513459897646,-1.3473006701736931,0.46099705982692946
797,1.1797210009814345,-0.9311852027149914,0.9856153622492217
798,2.1421001868566703,1.0028495837595406,-0.2802515944258834
799,0.16203565622533686,-1.5203652754373118,0.04921845605430757
800,0.2839102903251746,-1.3138525936986074,-0.5028129102775154
801,-0.6885201808789422,-0.16238697623442977,0.3240956643939171
802,1.8178526367258376,-1.3230711393491559,-1.7617323680781305
803,0.4963466978243847,1.1663877949815178,-0.08785939120283227
804,1.9940354148559976,-0.8695235717041803,-0.2650077125978401
805,-0.4745087940680512,0.1450890514725788,-2.0433591198058685
806,-2.6891499185212497,-0.4371068867704619,1.3814256611518116
807,1.2542220139036286,-0.13887176264715898,-0.4030257157330252
808,1.1152243648589755,-0.7557417802491028,0.33284469009176854
809,-3.3749259613011664,-0.6204722127825854,-2.4750141941278105
810,-1.9413085113688315,-1.9073803902696667,-1.1913183139235797
811,-0.4969035047979885,-0.01958618398261292,-1.794509898040334
812,-2.0385394998803825,-0.11966151279024101,0.29016864046565743
813,0.24627093962043622,0.016291915349244394,0.984002027152708
814,0.5773723636876275,0.8155815651721214,0.9010713028266985
815,-0.2748695396884658,-1.6937377344768973,-0.24461143871886964
816,0.9585888013890199,0.6982004280428191,-1.341797065387226
817,0.5288529202909965,0.1545587362341621,-0.009609042268286183
818,-1.2725398963887176,0.17627499011842815,-0.20434537970362093
819,-1.2891321648225973,-0.34498369683977437,0.5159324263601185
820,0.7600503859892374,-0.8161357478214236,-1.1248686384183666
821,0.7719367681544693,-0.6352550942964056,-1.439492663923914
822,0.37701422100123516,-1.6174699453898052,0.4722855204918835
823,1.8181215121935128,1.6813501247484368,0.2760997102513424
824,1.225167618764276,-1.7081051405407794,-0.4008507594284095
825,1.0361289595594314,0.517843791878179,-0.8890915802010986
826,0.010214181996597849,0.5351526394473562,0.5176706008386731
827,0.5936991678040021,-1.5269878196596958,0.2640365525161567
828,-0.24317847610380766,-1.7420103213546034,-0.20385220190275322
829,1.3387085864021362,-1.6354326031443964,-0.38771457305926976
830,1.9883532585546047,-0.7670383232771165,-0.8182673788290186
831,-3.2916801958930946,-2.2696994070631518,-0.4660933942531607
832,-4.745193024395991,0.789196779216732,-0.024104162600818334
833,0.18175631317287036,-0.48413655463523303,-0.45276850358655973
834,-0.2757491134174322,0.5368800387908854,0.5519387832699202
835,-0.12236748893262535,-1.9182074219622909,-1.1408523476963381
836,0.2539637865761953,-1.6310902591414702,-1.8819681598042015
837,1.439984503760948,1.9189343843520186,-1.6214801771928316
838,1.6069004739565313,1.2195648599837647,0.6645845547999804
839,1.796829916493668,-0.6505926881146096,0.4285658349324652
840,0.051450940206171795,0.7697837816211619,-1.9211238246220577
841,-0.7633110850454167,0.025079707045784373,1.3376042344539203
842,-0.39685191507521095,1.1952496235248222,0.9663779462028819
843,0.12454522422362609,-0.2504984124601196,0.3684217645717925
844,0.405930876696067,-1.2471739860195352,0.8778287419338324
845,1.2509016738494732,-1.842731414674836,-0.3168365558097084
846,0.8211045571585829,0.6520103251998619,-1.2893069815635605
847,0.9884297408389916,0.3020546412087003,-0.4441962471202317
848,1.454205664388752,-0.018597166279511322,0.4369481883288166
849,0.9835563936074269,1.1542508328854355,1.3196685101441363
850,0.3491480626956026,-0.07920270105577774,1.000344088111513
851,0.7226356376696447,2.0313701650516514,0.29386412587821564
852,-1.270799712171884,1.337601171704251,-0.8851549356478294
853,-0.8872355057255038,-1.3989849908355942,0.09313869287160058
854,-1.2341540347741273,1.3607028088789872,-0.9420679686644696
855,-0.7916738530153477,1.8739043172765386,-0.41857334632867
856,0.5738764641680413,-1.7314097841103115,-0.9592607567365564
857,0.7120775935964009,-0.2156254918078637,-0.4664941660336238
858,0.4682562333492337,-1.8142316212615108,0.0010192789284624055
859,0.7761145998343537,1.2762885199479395,-0.5576594040149855
860,1.6831312013778885,0.6522901473301463,0.8942825306878357
861,0.28154104869538515,0.07766214217740389,-1.8786680304622725
862,0.7657917866384675,2.111373272862294,-0.5779185088122538
863,-1.5046155841699909,-1.6721935512676938,-0.7459567386908604
864,2.2218169431608104,0.7276123916520361,-0.38948591433051766
865,-0.7548772803708768,0.1018975856193825,-1.1274536983249852
866,-1.9668720178986832,-0.9859362027046936,0.741427910704303
867,0.6464225619425717,-0.5716925043620129,-1.3933862796298688
868,0.5438861323104459,-1.349871872336177,1.0109379384796058
869,0.38865768322533994,0.9304497209153068,-0.1521921842429511
870,1.8734435074290006,-1.2990331934420813,-0.6029658991251389
871,1.8025917846104287,1.2110357209480718,0.7421957467220517
872,0.499069678438501,-1.5206053016615473,1.0129513299538613
873,-0.28514711737149867,1.0947617989574814,1.8690407486759077
874,-1.7340928444927814,1.1809277739583923,2.178069053769287
875,-2.2337440082463234,-2.441789296208541,0.23804418259387772
876,-1.1997150295206362,1.054331127721067,-0.478332076810058
877,0.22207594578578366,2.153033022318488,0.10654415711981678
878,-1.7648424433349927,0.25585793695044107,-0.870842411419049
879,0.7157643303095522,-0.9851473940505803,0.3322628741385248
880,-0.4725792532373335,-0.2658644776657898,-1.5041625170295463
881,-2.3136422160177754,1.1939790073607564,1.3624037187077462
882,0.1758773697813773,0.5013578077096965,-1.8079751223305864
883,1.6785017114427807,0.3720978914486968,0.17356052187057758
884,0.1779565966814885,0.6413182537142655,0.6553700340093285
885,1.0919106641141585,1.5165281780433497,0.522716364778856
886,0.9979244784970172,0.7019317567169521,-0.08800654411835945
887,-1.2913063752400384,0.04092579343688881,-0.3392722671059249
888,0.5149731783726177,0.2330262834620893,-2.057049394298681
889,1.9892196754705882,1.549295460810596,0.06460926501841749
890,1.1248371489685955,1.7886722837360305,0.6072310304626797
891,2.4718687658971716,0.870232358347931,-0.3126703022988094
892,0.06966261614950804,-0.3090260534898598,-0.5465042196672839
893,1.3412628854498372,-2.395145674045645,0.8693432383920207
894,1.5448662370317576,-1.7130779465147927,-0.20149958020733924
895,1.6941771910478152,1.202217424662074,2.65269520345042
896,2.8826184460943356,1.8830171026121458,-1.1112238838220976
897,2.4193939241529,0.39254099504330453,0.21365218753546383
898,1.9161270205225456,0.6853635108136261,-2.3622733752375455
899,1.3080522257825977,-1.5315972314380781,0.15343652589724152
900,-0.3661312224714206,1.2568029578776316,0.5562058627967942
901,1.7307349187980192,0.1769889001652117,0.30031597032218965
902,1.115345991599273,-0.7418769666334506,0.09533243926438577
903,0.29775413020504493,0.3248993035546548,-0.9243389799384981
904,1.7157902982943833,1.0198922704265956,-0.617831435185795
905,-0.3382242361676618,0.1448507090219094,-0.7940813861738679
906,-0.5408612472726481,-0.03499653404161502,-1.5718406672671064
907,1.0708907583477005,0.08690827542720654,-0.03908023797539451
908,1.4779863917174534,2.3221952311246294,-0.22310902765627283
909,1.694186737677142,-0.17338824357959026,0.24490236605222657
910,-1.6694249171187947,-0.20463481519465007,0.93533079453308
911,0.6317169503537653,1.562477436292254,0.6421776707776464
912,-0.18851193216967435,-1.3427790036828204,-2.6296451621071264
913,-0.7639471897144162,-0.06547300279076679,-0.44742533762254033
914,1.9892196754705882,1.549295460810596,0.06460926501841749
915,1.4242957183710527,0.3124473217431237,-1.7682004481892593
916,-1.103684314655379,-0.2652798281538582,-1.2057978666227014
917,1.4872684551578244,1.078113644026872,1.418167288186425
918,0.6042621393806973,-1.7990188361219066,-0.8303600005005696
919,1.484293009179551,-0.9429707753315733,-0.46330067806096314
920,1.092333805100392,-0.08284963110068892,-0.5015511654393584
921,-2.393768349085544,-0.4471120736226617,-0.7593240501265812
922,0.2708727899756861,-0.4402700857456401,1.8240319999170613
923,0.37696470113238933,-0.3885067987715319,-0.5275116412240146
924,-1.4766424659707154,1.380882532305265,0.3506383965296718
925,-0.14382252341286042,0.5683751113991864,-0.19153651141314665
926,0.7954960090596706,1.3286954035485963,-1.2743268190967643
927,-0.8629604187040603,0.24585652794860433,0.3564954955844769
928,-0.6847801392228515,1.4522556085128902,1.8650884856867596
929,-1.7465687455179737,0.886432026305391,2.1761228734812117
930,0.4776595721805924,-0.5181603093120096,1.2705219254424842
931,0.17357091156216706,-0.6637128675946439,0.7779866957984012
932,-2.6652615050536137,-1.3190734779872193,-0.30106779511120246
933,0.9213049539914819,1.3580346374856243,-1.0814513255468756
934,0.2644309448011763,-1.4737844623291463,1.8857423041808437
935,-0.5118126425377619,-1.3821481009329024,2.3776544790000393
936,-1.926002861746269,-0.9198578792686533,0.6325119607604658
937,-1.9167973104377414,0.04028261627869276,0.8590227033938533
938,-1.5862250398875428,0.45282498405275223,-0.6179091969440773
939,-0.04252886435843302,1.0111345121624395,-0.471161437448857
940,1.7252723892535762,-0.758785324663901,-0.09691803797520798
941,-3.759336578210264,0.19536343386249624,0.0296330222603915
942,0.18186801034458064,0.25263380463109153,-0.9319428593923019
943,-1.1636487924368129,-1.0326930150142646,1.6119013952409442
944,-3.6983585937876384,-0.4198338930350694,2.0193593411427497
945,1.8947274179084752,-1.9762306492419022,-0.9742272850250813
946,-2.829149494152049,0.042443618722857665,1.1282075597157453
947,-1.5514466248233911,0.15069508758292127,1.4805805391732367
948,-2.9273313607602764,1.0443272558047347,1.4598889912792499
949,-2.9748269374585234,0.40821721929325616,0.5519680455965938
950,-2.023894356250043,1.6615743652418833,1.757518736272384
951,-0.9094021244689696,-0.5093204209377998,-0.9116750339944883
952,1.0229961092241506,1.4157604077892987,1.3097644369792416
953,-3.4093591950818953,0.8913769412553189,-0.29914567332022934
954,0.3214406293599074,1.0497235221775236,0.6349563566510974
955,1.4364768653761428,0.007627378282850294,-1.3939605488157893
956,-0.9721700135236472,-1.4660017398477567,-0.9440333791293082
957,-0.3623596116353746,1.5790234751422827,-3.499107483099206
958,-1.323689252190997,0.8812761681762448,-2.3808994303928843
959,2.1669878929158655,-0.05726458746497848,1.2400962083629468
960,0.4359506378926049,2.7729216028614725,0.28300289287384683
961,-1.3609354665649325,-0.5289645924307357,1.0148080712858865
962,0.5697458985080474,-0.20551697274923847,-0.41880192632230423
963,1.2031951460417745,-0.4280493698898537,0.699414325024916
964,-1.8098303133137024,-1.585297154650876,-1.342943665276937
965,-0.542675715747681,-0.2707316429920796,-0.4238287349039223
966,1.229492420383984,-0.9727021788067017,0.9243945560754439
967,0.7325933480950226,-0.3002931207879455,1.4703410351896748
968,0.6066606761265209,-0.5021310347956869,0.42523302435085003
969,-0.9343540200403555,-0.8947988354353225,0.24229239765931465
970,1.7384262653066043,-0.06284125759665027,-0.1880912823122047
971,1.469981499043963,-2.0390835819082636,-0.021829986194937534
972,-0.639082573242606,0.8124517090626852,0.16321178355519544
973,-2.994816325464751,0.35898208101684015,-0.4101642299617593
974,1.2417929451672427,0.4314012777788727,-0.4472336199757335
975,1.95367404512688,-1.775447041186016,-1.1726757374542043
976,1.4566986081456526,0.09766727903625357,1.3727121180747928
977,1.9408236402217929,1.4548831984596646,-1.664005637220371
978,0.22695799072484257,0.5270520019376137,-0.42785068000720333
979,0.5232746702657205,-0.46416773555807705,0.7486053423869771
980,-1.8926776362340956,-1.787623705538512,-1.2440040307283782
981,2.0698312752228967,0.3953966155212739,-1.6000244103152155
982,0.2745884058524774,0.08921519812042153,1.669265777867857
983,0.8534719871132874,-1.23801298812201,-1.2621446253277324
984,-3.3932234444181413,0.7787189457309859,0.5985497256490452
985,1.2655937676161322,-1.7985208944686477,0.3634174372592811
986,2.3944310204295074,0.9036296026317772,-0.9493518801128961
987,1.0310206408794484,-0.07714817035743213,0.23491415013472455
988,2.6387203954319682,-1.8468529202961994,1.2583823198362856
989,-0.7352584804638024,-0.6994861436547527,1.0172267697772532
990,1.6345004356752766,-1.7608254098621274,0.2832494391016799
991,0.5152974567023271,-2.264578911651805,0.8660443675257211
992,-0.0356002196750977,-0.4222130327708899,0.7950305610143599
993,-1.06638696580985,-0.35446345762062936,-1.0962333411881768
994,0.24000588153953994,-1.6948822229107539,-0.9626703658183586
995,1.3483662037399153,1.465231719321799,-0.10603991477155537
996,0.9223590102410989,-0.6318054730165836,-0.1979472173928432
997,-2.1817832187065593,0.3787800172875902,2.2968009199729567
998,-0.7352584804638024,-0.6994861436547527,1.0172267697772532
999,-0.5776662434047619,1.2028850208858481,0.9342938685399839
1000,-0.5776662434047619,1.2028850208858481,0.9342938685399839
1001,1.9344991420928361,-1.0446901228009724,-0.7484639365872279
1002,0.7941374218346436,0.4128946253526267,-1.2052562730264988
1003,-0.6889361726144267,0.6464320791724036,0.5846775381039304
1004,2.048171639592232,1.2283373424173576,-1.0565950603852539
1005,2.5587887488910126,-0.7749240795988126,-0.794113505233175
1006,1.2059687554268002,-2.054915121157492,-0.6494580302479653
1007,1.4780680649538736,-0.0404536267421998,-0.01170340132606964
1008,1.6363561030809521,-0.5315484883481015,0.05612490134352837
1009,-0.5186636208593042,1.1474954909161632,1.7009736529049762
1010,1.0390203271853464,-0.864419178884377,-2.182376919050268
1011,1.1566737733544743,-1.188556164740004,-2.309900554765457
1012,1.6209176458165246,-2.1330377594302363,-0.7399725813154988
1013,1.5270546003970311,1.0359942874543213,0.9465084356343026
1014,1.233341440674408,1.0328671849341586,2.0396931532516454
1015,-0.3314678761159202,1.372866712477909,1.6378603612572
1016,0.34666618353319967,0.02866716875744618,0.7711410580209523
1017,1.426359637461619,-1.1547478303460306,-0.5584773656642956
1018,1.1784197565747017,1.4891651630945366,0.06480557867502965
1019,0.9979379385449739,-2.002284601950969,0.5497059871824608
1020,-0.43431336760599326,-0.2144040062190183,-0.606346461857147
1021,1.3120273016469237,-1.1448378215625963,-0.45489346594971236
1022,0.20461458461041065,-0.6897792644922286,-2.7587891358655194
1023,1.7165292051382754,0.7217532472790092,0.27038336281186254
1024,1.260275597858448,0.8910063698650263,-1.381201379391894
1025,1.4687067734407668,-1.0929994342882294,1.559670341930511
1026,1.493024610486241,-1.1327849463754787,0.5914521262188931
1027,1.6539379733959019,2.2252925864371678,-1.8145411390021131
1028,-0.5141353493913033,0.5197479178370352,0.6413433446319391
1029,1.409649681980377,0.38418795869710576,0.29532615990541766
1030,1.060046255533559,-2.090160167174948,0.5744242827930764
1031,1.1148951154126687,0.5056002204394637,0.29270956062036696
1032,1.0171851891778785,-1.698183846492519,-1.5691886379656503
1033,0.9839736090252225,-0.36617308647521973,-1.7530029461381273
1034,0.11429893222710008,-1.7032040314877153,1.2418782447762706
1035,1.4587695161015655,1.1673606039557836,1.2699898425334302
1036,-0.6877103550208923,-0.025364397304913727,-0.07284535279680562
1037,0.24056482468326984,-2.1418428792181285,-0.052002265631413656
1038,1.2538332201203854,0.8308074595682824,-0.32869455515387985
1039,1.1946997800837573,0.25258820289786976,-2.197068350495463
1040,1.4477916178537853,1.7878890637529439,-1.4478862541776516
1041,1.1886450435586295,-0.7095835843086751,-0.2666654096312094
1042,0.9308425372816171,-2.260693513320726,0.5341043700781068
1043,-1.6717417020623975,-0.30627246520113693,-0.2930680222145191
1044,0.8634362834419258,-0.8122589115769092,-0.2590281756387101
1045,1.3220038378676597,1.5526325041860891,0.4836215358505346
1046,1.3349772720736892,-0.3757398662362621,-1.4458387955049652
1047,1.9533424537801922,-0.46760740673200346,0.8618249472893481
1048,1.7260016681130028,-0.9867709841600492,-1.2456814627476067
1049,0.2486304662478665,1.182948112199172,-0.2773244164917204
1050,-0.8909602128844204,1.3679820962951255,1.970114114697906
1051,0.9335311021919028,-0.21819381699511753,0.5166025380595003
1052,-0.2523468671561728,1.1275484616647635,-0.7726114353860365
1053,0.7305974119541416,0.7124484063381554,-0.9937648984048487
1054,1.7815284622546097,-1.3618208111221894,0.4932640101670822
1055,-4.7847693466784325,0.9769628866245649,0.17536198599735764
1056,0.8857044256329956,0.14966416398269053,-0.15912708604630926
1057,1.387593642081376,-0.492064831994539,-1.1147013798777181
1058,-0.24003003648653676,0.6985237295738153,-0.8139106914970816
1059,0.7030294239286228,-2.159018081821746,0.046676176959428474
1060,1.336021689020675,-0.37443102861031563,-1.4475307907793813
1061,1.432323853762944,0.13954280020836698,0.6303007408981572
1062,0.9925982466078095,-1.5588012007844534,0.6646560085266252
1063,1.2046944075783854,1.3260980994679905,0.3980567565755709
1064,1.212622936095444,-0.9666422199772398,-1.0033538875663826
1065,2.5839340332656406,-0.3293606089623019,-1.5652753076476305
1066,0.21580208403317902,1.7922177431217008,-1.363801488293465
1067,-1.546273866356472,0.16377803776818053,-0.9334814665278864
1068,-2.8158192458354585,-1.5262865705825521,-0.1574558847348606
1069,3.779165453550001,2.732501602722187,-1.3425294089196254
1070,-6.479340161142297,0.4186668858819677,0.5037971852184657
1071,1.5774288476126295,0.43149313325589,-0.2781806953779935
1072,1.3895920484140487,0.7848367044147618,1.7869045537376511
1073,1.8129062224929293,1.4145129468280593,1.6305094008714123
1074,2.0604199890363755,1.364466886188939,-1.8802837898628482
1075,0.5819778930281359,0.2481332323257504,0.5950676925276129
1076,2.273504232004164,-0.7038274852059272,-1.0312200680803312
1077,1.6488319474307591,-1.0023364403993138,0.6087114041834255
1078,1.3056768852197467,-0.21661404263475412,-0.11280437782958873
1079,0.7023250124225089,-0.8682197226971157,0.5128058416876237
1080,0.6300826830384882,0.6572930393699604,-2.2903614343248018
1081,-0.14545959058479746,-0.48358303788638723,-1.2822205868377057
1082,0.24530421628967788,-0.5536757115102146,-1.7921244381741828
1083,0.5622228894406384,-0.6477205219074694,-1.8322927263770283
1084,1.3643768549379107,1.1977592898880214,-1.4978303180856967
1085,-0.3197006678248977,0.876401024858439,1.5208583765580634
1086,0.07516795257613942,0.006922464694078307,-0.5388629740024541
1087,2.413454359475188,-1.425510482824094,-0.2739285749312428
1088,1.4945949099803086,0.1277407098282378,1.0021937107086671
1089,1.1918710952226679,-0.4942596169933233,0.15329303952181517
1090,1.2260255288786104,-0.02460456882368283,1.5962794807360927
1091,-0.07317794517808054,-1.7178116298208392,0.012137768356659627
1092,2.166007104793555,-0.9920664315074171,-1.190505380343583
1093,0.12098282536618661,-0.025825555305637144,-0.7976377839397556
1094,2.2828051260999622,-1.67853739723529,-1.0419739575679454
1095,1.9093008236410747,0.46826659514278784,0.40947589232376136
1096,1.4588337081701723,-1.6647520034469356,-0.35376167152157745
1097,-2.1239684659489284,-0.27745678753343533,-3.1536269732633744
1098,-2.937647112350549,1.1896540891695955,1.0678033799192375
1099,3.31758687895445,0.5520054490436855,-1.2365585320540586
1100,-0.20398757622550512,-0.8355488144248963,0.07809892411126151
1101,1.5760858122125887,-0.3542263760413352,-1.4508812412292922
1102,0.0879840889056897,-0.09705363374608429,-1.0615250254355206
1103,0.9015872297888806,1.1063589291352827,0.028413819816047056
1104,0.39983824139274204,-1.2349112308329295,0.8334510591564906
1105,0.03771274050422919,-1.5890957371659524,-0.056827649517022356
1106,1.501328580396135,1.412707126904295,0.3450831709410204
1107,2.8021747604766696,-1.4941426775431643,-0.05027467915764452
1108,1.9240956152686417,0.8617827440348147,1.5572959485853826
1109,1.6029203837313553,-0.47145221139152527,-1.3640498759791146
1110,0.556492032236625,-0.444942805933237,-0.3516606414284994
1111,-3.19253964574116,-1.4431074561265544,-0.055583113520758676
1112,1.6415814725467615,1.200403097555019,0.1740877084588498
1113,1.4712104223899174,1.7715890446243028,-0.19473246695358176
1114,0.9506672854082863,1.2026744774796807,1.8587274098057793
1115,1.2797063258065258,0.5759979512688216,-0.7970910091286318
1116,0.44784941797865147,1.6735469266492677,-0.22302953057344832
1117,-1.7792335976257154,0.9057214632846501,1.1325578209244491
1118,0.8058788153010255,1.2698341475468702,0.9192266955826552
1119,2.0574644286834993,0.6322719305416565,0.21622553229766947
1120,-0.44794551311197267,-0.05685065697348732,0.18105714963077357
1121,-0.292491959745941,0.537006868025501,0.17521192884185352
1122,1.9094985492647734,0.992553828931962,0.5634703273432918
1123,1.0616789059009242,-1.9201943148642864,0.04981396157281772
1124,2.561903154858114,1.0879882905852125,1.0482272206810874
1125,1.458498249460534,1.3390216066460492,0.6299810688052165
1126,3.0966169952443705,-0.6180012931942711,-0.5627868905059706
1127,0.5333596513492486,-1.3637170612897556,-0.0976313614315402
1128,1.455054460011319,0.16069307513591014,1.890344832517476
1129,-0.9468124719183307,0.0798815147954475,1.5342574485748763
1130,-1.0230415057373352,0.04153879572271898,1.0301049772369328
1131,1.5153761808642365,-1.1736454973862969,-0.4025114172389512
1132,0.3605516799926554,1.8397844567267285,1.8585594978551805
1133,2.7276002499789893,1.3646950700370573,0.8937947907997136
1134,1.4439692146469396,0.17042949278095232,-2.372887217790313
1135,-0.36333623231864387,1.2929862850803249,0.12131607042099694
1136,2.0079774713052,1.2780639953464283,-2.240664230018544
1137,0.9573488536854092,1.5976887565500522,0.5400286896342071
1138,-1.0372495251576954,-0.257667657942983,0.3686520484025053
1139,-0.5033295315319358,0.4333413441814499,-1.1657576700008896
1140,1.1268491970954215,0.6634610085212989,-0.9919230829238528
1141,0.11574076751638397,-0.5746094126709058,-0.8364911108696376
1142,0.7818339908373495,0.9070336832411567,0.26110419454310946
1143,0.46630083071423367,-1.041704240201155,-0.4141100775028477
1144,1.8213469853625754,-0.3376337681110471,-1.1154379083531543
1145,-0.44080920835303333,1.2973729799416025,1.535491737705312
1146,1.6024494845936526,-0.5115870509262586,-0.9550183535934188
1147,0.9543464894416588,-0.8324602949429539,0.6302503291430771
1148,2.189498860279878,-1.3683818581095988,0.20124999854397285
1149,2.425152646006212,2.111991436737967,-0.05896582535490345
1150,2.210588051034378,1.567851583406787,-0.8871402236610416
1151,-4.525083559603184,0.9572240003731526,0.05523483512046718
1152,-5.858171607335668,0.7505094620260986,0.11192449045211522
1153,-1.1825558201673323,1.1120587376903324,-3.1575538998628927
1154,1.2174407724925975,-1.4730504427663869,0.6423512041164968
1155,3.4657539749038624,-1.6749863162509286,0.12187444333095743
1156,-0.5798766862538363,1.2308394237113371,1.1856249918487225
1157,-0.06192836101688603,1.5143113038483702,-0.6167092187053986
1158,0.9068312412521471,1.7139790190678184,-0.32815837919474306
1159,-1.6920499976986978,1.651288777363656,0.14937233847450396
1160,1.0047944491038445,1.1542025433212328,-0.5931616546000701
1161,-0.756023940199359,1.254497106217808,-1.11398761010225
1162,1.9154162572279922,1.3152125589640054,1.275548506114127
1163,0.43052291176028423,0.8246454771575831,-2.4598423941786094
1164,0.6816102526096086,1.3453914939289724,0.39478178111528134
1165,1.2845775582620438,0.7751948748577755,-0.8811362531793561
1166,1.2370982127950714,0.18488720977374956,-0.752552693761717
1167,0.4116242384885838,1.2497139387095566,-0.8544573778809801
1168,1.4812949419238337,-2.02610083638872,0.7894728877935874
1169,0.7652526038503424,-0.07293007165575631,0.6033301515870386
1170,-0.30291947773135053,0.721340898874379,-1.3588922014402198
1171,1.5550981482810544,-0.2976433499604305,0.946070698127392
1172,0.3038703447209364,0.7402391310334735,0.7464416826907251
1173,0.8920962406183163,-2.1742254060283797,0.9302339786629119
1174,0.5996386225141818,-0.8097308635310076,0.28233689930418887
1175,-0.10513509075430255,1.3480418448300258,-0.7414104391474203
1176,1.2048658929950127,-1.2822512360898064,0.4554797596229198
1177,-1.5302661298860205,-1.0409894732561924,-1.7355764463499488
1178,-2.922888914838899,0.05412220240357067,-2.692622031995311
1179,-2.0183462960145215,0.2306786458973459,1.3808931650095975
1180,-7.327453055456719,-1.2947048659435696,-1.5184880939420775
1181,-4.592576495598884,-1.1619896793824664,-0.10063851588737507
1182,-2.9640112189832215,0.4951552880680593,-1.1196986304379797
1183,0.8976130176356387,1.111856590683424,0.21770726833624263
1184,0.17628580641741212,0.3330508534304439,1.5879578411986868
1185,-1.931160399569122,1.000083655563279,0.8933904815369844
1186,-2.7093729375987956,1.2792132267258742,0.4420722768279432
1187,0.41595590929421017,0.5955896689290697,-0.3279169285156159
1188,-1.0258092261345786,0.1543651595803651,-0.725631158982622
1189,1.0255638410251915,-1.8847056161630846,1.0322962562368208
1190,0.5195400883022881,0.4058836987617345,1.3090113064334747
1191,-0.3655320915658414,-1.837598523474146,-1.1464391496783302
1192,1.2309611065703103,-1.8918272649669376,0.48772460649536364
1193,-2.357692137772977,-0.8430057744611139,-1.6148037127692592
1194,0.15198337480674542,0.10407737676231389,-1.100049578081047
1195,-0.3255148902247509,-1.5547906454880978,0.7626946937869377
1196,-2.9629822649984536,1.2825843243183657,0.49690265846683357
1197,0.4382924820027455,0.34277992835637,0.8657775901756753
1198,-2.8193135900798962,-0.2603809657247046,1.1253034931927393
1199,1.4274870021231667,-1.197933013144715,0.0653811314465775
1200,0.7557419956496406,0.6354860402584294,-0.17471623585507035
1201,0.7474726597787144,0.34336085761510204,1.922929531315517
1202,-3.456591916880711,0.6843582152151482,0.7551295150899802
1203,0.503039630661305,-0.46886056926780967,0.6654660859908994
1204,1.3809977720401876,-0.5647339772701018,-0.009245607572723339
1205,0.746147477978302,-0.8331937774609274,1.2554298921486289
1206,0.9253954122830541,-2.1718327293615522,0.6534411431964021
1207,-1.314929654458478,1.2647635599259457,0.22082052910364838
1208,0.20881689945238346,0.1455223313047093,1.3446328823460272
1209,0.3997242391209382,-1.0701637792068064,-1.6577501362576328
1210,0.01528975833384404,-0.07643989003887183,-0.8951156726942184
1211,2.572064224302506,1.7929136817396236,-0.4823932072283034
1212,-4.666107654566854,0.33684892191949306,-1.589321300980651
1213,-0.6559942997724498,0.811842130875822,-1.2410860720262202
1214,0.07386092040718374,1.0604410534733166,1.3036037699956504
1215,-0.45889896612454706,0.14648685683373255,0.7447414444121936
1216,0.6037377697450075,1.1326045685686135,1.9769466467307477
1217,-0.8414534314942835,1.1544647529375063,2.1677738494718897
1218,-2.8602871699820316,0.3229854711367632,-0.839987155994742
